cancion_id;token;nltk_tag;spacy_pos;spacy_fine_pos
1;I;PRP;PRON;PRP
1;always;RB;ADV;RB
1;evaded;VBD;VERB;VBD
1;the;DT;DET;DT
1;truth;NN;NOUN;NN
1;Continued;VBD;VERB;VBD
1;to;TO;PART;TO
1;lose;VB;VERB;VB
1;a;DT;DET;DT
1;piece;NN;NOUN;NN
1;of;IN;ADP;IN
1;my;PRP$;PRON;PRP$
1;mind;NN;NOUN;NN
1;at;IN;ADP;IN
1;a;DT;DET;DT
1;time;NN;NOUN;NN
1;They;PRP;PRON;PRP
1;said;VBD;VERB;VBD
1;I;PRP;PRON;PRP
1;was;VBD;AUX;VBD
1;in;IN;ADP;IN
1;for;IN;ADP;IN
1;the;DT;DET;DT
1;win;NN;NOUN;NN
1;But;CC;CCONJ;CC
1;It;PRP;PRON;PRP
1;'s;VBZ;AUX;VBZ
1;not;RB;PART;RB
1;guaranteed;VBN;VERB;VBN
1;when;WRB;SCONJ;WRB
1;you;PRP;PRON;PRP
1;kill;VBP;VERB;VBP
1;to;TO;PART;TO
1;get;VB;VERB;VB
1;in;IN;ADP;RP
1;I;PRP;PRON;PRP
1;pray;VBP;VERB;VBP
1;to;TO;ADP;IN
1;the;DT;DET;DT
1;moon;NN;NOUN;NN
1;she;PRP;PRON;PRP
1;'s;VBZ;AUX;VBZ
1;greater;JJR;ADJ;JJR
1;than;IN;ADP;IN
1;I;PRP;PRON;PRP
1;Blood;NNP;NOUN;NN
1;for;IN;ADP;IN
1;blood;NN;NOUN;NN
1;yea;NN;ADJ;JJ
1;eye;NN;NOUN;NN
1;for;IN;ADP;IN
1;an;DT;DET;DT
1;eye;NN;NOUN;NN
1;If;IN;SCONJ;IN
1;it;PRP;PRON;PRP
1;'s;VBZ;AUX;VBZ
1;too;RB;ADV;RB
1;insidious;JJ;ADJ;JJ
1;Then;RB;ADV;RB
1;do;VBP;AUX;VBP
1;n't;RB;PART;RB
1;consider;VB;VERB;VB
1;this;DT;DET;DT
1;something;NN;PRON;NN
1;you;PRP;PRON;PRP
1;should;MD;AUX;MD
1;ever;RB;ADV;RB
1;fucking;VBG;INTJ;UH
1;try;VB;VERB;VB
1;no;DT;INTJ;UH
1;I;PRP;PRON;PRP
1;know;VBP;VERB;VBP
1;I;PRP;PRON;PRP
1;know;VBP;VERB;VBP
1;I;PRP;PRON;PRP
1;know;VBP;VERB;VBP
1;It;PRP;PRON;PRP
1;'s;VBZ;AUX;VBZ
1;not;RB;PART;RB
1;gon;JJ;VERB;VBG
1;na;TO;PART;TO
1;take;VB;VERB;VB
1;my;PRP$;PRON;PRP$
1;pain;NN;NOUN;NN
1;away;RB;ADV;RB
1;I;PRP;PRON;PRP
1;know;VBP;VERB;VBP
1;I;PRP;PRON;PRP
1;know;VBP;VERB;VBP
1;I;PRP;PRON;PRP
1;know;VBP;VERB;VBP
1;But;CC;CCONJ;CC
1;you;PRP;PRON;PRP
1;'re;VBP;AUX;VBP
1;going;VBG;VERB;VBG
1;to;TO;PART;TO
1;try;VB;VERB;VB
1;it;PRP;PRON;PRP
1;anyway;RB;ADV;RB
1;Tonight;VBD;NOUN;NN
1;when;WRB;SCONJ;WRB
1;I;PRP;PRON;PRP
1;ca;MD;AUX;MD
1;n't;RB;PART;RB
1;sleep;VB;VERB;VB
1;The;DT;DET;DT
1;memories;NNS;NOUN;NNS
1;that;WDT;PRON;WDT
1;haunt;VBP;VERB;VBP
1;me;PRP;PRON;PRP
1;Your;PRP$;PRON;PRP$
1;spirit;NN;NOUN;NN
1;is;VBZ;AUX;VBZ
1;present;JJ;ADJ;JJ
1;My;NNP;PRON;PRP$
1;thoughts;NN;NOUN;NNS
1;manifest;JJS;VERB;VBP
1;it;PRP;PRON;PRP
1;They;PRP;PRON;PRP
1;call;VBP;VERB;VBP
1;it;PRP;PRON;PRP
1;a;DT;DET;DT
1;séance;NN;NOUN;NN
1;I;PRP;PRON;PRP
1;call;VBP;VERB;VBP
1;it;PRP;PRON;PRP
1;what;WP;PRON;WP
1;made;VBD;VERB;VBD
1;us;PRP;PRON;PRP
1;I;PRP;PRON;PRP
1;summoned;VBD;VERB;VBD
1;a;DT;DET;DT
1;lover;NN;NOUN;NN
1;The;DT;DET;DT
1;heat;NN;NOUN;NN
1;of;IN;ADP;IN
1;a;DT;DET;DT
1;twin;NN;ADJ;JJ
1;flame;NN;NOUN;NN
1;Something;NNP;PRON;NN
1;is;VBZ;AUX;VBZ
1;telling;VBG;VERB;VBG
1;me;PRP;PRON;PRP
1;fight;JJ;NOUN;NN
1;Am;NNP;AUX;VBP
1;hearing;VBG;VERB;VBG
1;this;DT;DET;DT
1;right;JJ;NOUN;NN
1;'Cause;NN;SCONJ;IN
1;I;PRP;PRON;PRP
1;'m;VBP;AUX;VBP
1;hearing;VBG;VERB;VBG
1;it;PRP;PRON;PRP
1;every;DT;DET;DT
1;night;NN;NOUN;NN
1;But;CC;CCONJ;CC
1;I;PRP;PRON;PRP
1;do;VBP;AUX;VBP
1;n't;RB;PART;RB
1;know;VB;VERB;VB
1;where;WRB;SCONJ;WRB
1;to;TO;PART;TO
1;begin;VB;VERB;VB
1;'Cause;CD;SCONJ;IN
1;calling;VBG;VERB;VBG
1;your;PRP$;PRON;PRP$
1;name;NN;NOUN;NN
1;they;PRP;PRON;PRP
1;say;VBP;VERB;VBP
1;it;PRP;PRON;PRP
1;'s;VBZ;AUX;VBZ
1;a;DT;DET;DT
1;sin;NN;NOUN;NN
1;This;DT;DET;DT
1;crucifix;NN;NOUN;NN
1;on;IN;ADP;IN
1;my;PRP$;PRON;PRP$
1;neck;NN;NOUN;NN
1;is;VBZ;AUX;VBZ
1;burning;VBG;VERB;VBG
1;my;PRP$;PRON;PRP$
1;chest;NN;NOUN;NN
1;I;PRP;PRON;PRP
1;know;VBP;VERB;VBP
1;that;IN;SCONJ;IN
1;I;PRP;PRON;PRP
1;'m;VBP;AUX;VBP
1;damned;VBN;VERB;VBN
1;at;IN;ADV;RB
1;best;JJS;ADV;RBS
1;yeah;NN;INTJ;UH
1;Tonight;NN;NOUN;NN
1;when;WRB;SCONJ;WRB
1;I;PRP;PRON;PRP
1;ca;MD;AUX;MD
1;n't;RB;PART;RB
1;sleep;VB;VERB;VB
1;The;DT;DET;DT
1;memories;NNS;NOUN;NNS
1;that;WDT;PRON;WDT
1;haunt;VBP;VERB;VBP
1;me;PRP;PRON;PRP
1;Your;PRP$;PRON;PRP$
1;spirit;NN;NOUN;NN
1;is;VBZ;AUX;VBZ
1;present;JJ;ADJ;JJ
1;My;NNP;PRON;PRP$
1;thoughts;NN;NOUN;NNS
1;manifest;JJS;VERB;VBP
1;it;PRP;PRON;PRP
1;They;PRP;PRON;PRP
1;call;VBP;VERB;VBP
1;it;PRP;PRON;PRP
1;a;DT;DET;DT
1;séance;NN;NOUN;NN
1;I;PRP;PRON;PRP
1;call;VBP;VERB;VBP
1;it;PRP;PRON;PRP
1;what;WP;PRON;WP
1;made;VBD;VERB;VBD
1;us;PRP;PRON;PRP
1;I;PRP;PRON;PRP
1;summoned;VBD;VERB;VBD
1;a;DT;DET;DT
1;lover;NN;NOUN;NN
1;The;DT;DET;DT
1;heat;NN;NOUN;NN
1;of;IN;ADP;IN
1;a;DT;DET;DT
1;twin;JJ;ADJ;JJ
1;flame;NN;NOUN;NN
1;Two;CD;NUM;CD
1;souls;NNS;NOUN;NNS
1;nearing;VBG;VERB;VBG
1;the;DT;DET;DT
1;end;NN;NOUN;NN
1;of;IN;ADP;IN
1;our;PRP$;PRON;PRP$
1;earthly;JJ;ADJ;JJ
1;damnation;NN;NOUN;NN
1;Transcend;NNP;VERB;VBP
1;never;RB;ADV;RB
1;again;RB;ADV;RB
1;Our;PRP$;PRON;PRP$
1;love;NN;NOUN;NN
1;is;VBZ;AUX;VBZ
1;stronger;JJR;ADJ;JJR
1;stronger;JJR;ADJ;JJR
1;We;PRP;PRON;PRP
1;did;VBD;VERB;VBD
1;it;PRP;PRON;PRP
1;till;VB;SCONJ;IN
1;the;DT;DET;DT
1;end;NN;NOUN;NN
1;I;PRP;PRON;PRP
1;'d;MD;AUX;MD
1;live;VB;VERB;VB
1;and;CC;CCONJ;CC
1;die;VB;VERB;VB
1;again;RB;ADV;RB
1;I;PRP;PRON;PRP
1;did;VBD;VERB;VBD
1;it;PRP;PRON;PRP
1;all;DT;PRON;DT
1;for;IN;ADP;IN
1;you;PRP;PRON;PRP
1;My;VBP;PRON;PRP$
1;Juliet;JJ;PROPN;NNP
1;it;PRP;PRON;PRP
1;'s;VBZ;AUX;VBZ
1;true;JJ;ADJ;JJ
1;I;PRP;PRON;PRP
1;'ll;MD;AUX;MD
1;give;VB;VERB;VB
1;you;PRP;PRON;PRP
1;Romeo;NNP;PROPN;NNPS
1;Just;NNP;ADV;RB
1;to;TO;PART;TO
1;fucking;VBG;INTJ;UH
1;prove;VB;VERB;VB
1;Tonight;NNP;PROPN;NNP
1;when;WRB;SCONJ;WRB
1;I;PRP;PRON;PRP
1;ca;MD;AUX;MD
1;n't;RB;PART;RB
1;sleep;VB;VERB;VB
1;The;DT;DET;DT
1;memories;NNS;NOUN;NNS
1;that;WDT;PRON;WDT
1;haunt;VBP;VERB;VBP
1;me;PRP;PRON;PRP
1;Your;PRP$;PRON;PRP$
1;spirit;NN;NOUN;NN
1;is;VBZ;AUX;VBZ
1;present;JJ;ADJ;JJ
1;My;NNP;PRON;PRP$
1;thoughts;NN;NOUN;NNS
1;manifest;JJS;VERB;VBP
1;it;PRP;PRON;PRP
1;They;PRP;PRON;PRP
1;call;VBP;VERB;VBP
1;it;PRP;PRON;PRP
1;a;DT;DET;DT
1;séance;NN;NOUN;NN
1;I;PRP;PRON;PRP
1;call;VBP;VERB;VBP
1;it;PRP;PRON;PRP
1;what;WP;PRON;WP
1;made;VBD;VERB;VBD
1;us;PRP;PRON;PRP
1;I;PRP;PRON;PRP
1;summoned;VBD;VERB;VBD
1;a;DT;DET;DT
1;lover;NN;NOUN;NN
1;The;DT;DET;DT
1;heat;NN;NOUN;NN
1;of;IN;ADP;IN
1;a;DT;DET;DT
1;twin;NN;ADJ;JJ
1;flame;NN;NOUN;NN
2;Roddy;NNP;PROPN;NNP
2;s;PRP;PART;POS
2;daddy;VBP;NOUN;NN
2;Denny;NNP;PROPN;NNP
2;saved;VBD;VERB;VBD
2;every;DT;DET;DT
2;penny;NN;NOUN;NN
2;To;TO;PART;TO
2;buy;VB;VERB;VB
2;a;DT;DET;DT
2;guitar;NN;NOUN;NN
2;for;IN;ADP;IN
2;Rod;NNP;PROPN;NNP
2;Three;NNP;PROPN;NNP
2;jobs;NNS;NOUN;NNS
2;a;DT;DET;DT
2;day;NN;NOUN;NN
2;he;PRP;PRON;PRP
2;took;VBD;VERB;VBD
2;all;DT;DET;PDT
2;his;PRP$;PRON;PRP$
2;pay;NN;NOUN;NN
2;And;CC;CCONJ;CC
2;he;PRP;PRON;PRP
2;went;VBD;VERB;VBD
2;down;RB;ADP;RP
2;to;TO;ADP;IN
2;Don;NNP;PROPN;NNP
2;s;JJ;PART;POS
2;pawn;NN;NOUN;NN
2;shop;NN;NOUN;NN
2;Don;NNP;PROPN;NNP
2;said;VBD;VERB;VBD
2;Denny;NNP;PROPN;NNP
2;If;IN;SCONJ;IN
2;you;PRP;PRON;PRP
2;buy;VBP;VERB;VBP
2;this;DT;DET;DT
2;guitar;NN;NOUN;NN
2;Your;NNP;PRON;PRP$
2;son;NN;NOUN;NN
2;will;MD;AUX;MD
2;be;VB;AUX;VB
2;a;DT;DET;DT
2;rock;NN;NOUN;NN
2;n;NN;CCONJ;CC
2;roll;NN;PROPN;NNP
2;star;NN;NOUN;NN
2;Roddy;NNP;PROPN;NNP
2;tried;VBD;VERB;VBD
2;his;PRP$;PRON;PRP$
2;best;JJS;ADJ;JJS
2;he;PRP;PRON;PRP
2;couldn;VBZ;PROPN;NNP
2;t;JJ;PROPN;NNP
2;pass;NN;VERB;VB
2;the;DT;DET;DT
2;test;NN;NOUN;NN
2;But;CC;CCONJ;CC
2;he;PRP;PRON;PRP
2;knew;VBD;VERB;VBD
2;that;IN;SCONJ;IN
2;he;PRP;PRON;PRP
2;would;MD;AUX;MD
2;some;DT;DET;DT
2;day;NN;NOUN;NN
2;Roddy;NNP;PROPN;NNP
2;s;NN;PART;POS
2;baby;NN;NOUN;NN
2;Betty;NNP;PROPN;NNP
2;she;PRP;PRON;PRP
2;s;VBD;AUX;VBZ
2;got;VBD;VERB;VBD
2;a;DT;DET;DT
2;baby;NN;NOUN;NN
2;That;IN;PRON;WDT
2;she;PRP;PRON;PRP
2;had;VBD;VERB;VBD
2;with;IN;ADP;IN
2;Rod;NNP;PROPN;NNP
2;s;VBP;PART;POS
2;friend;NN;NOUN;NN
2;Roge;NNP;PROPN;NNP
2;Sucking;NNP;PROPN;NNP
2;on;IN;ADP;IN
2;a;DT;DET;DT
2;jelly;RB;NOUN;NN
2;donut;NN;NOUN;NN
2;at;IN;ADP;IN
2;the;DT;DET;DT
2;deli;JJ;NOUN;NN
2;Betty;NNP;PROPN;NNP
2;s;NN;PART;POS
2;baby;NN;NOUN;NN
2;cries;NNS;NOUN;NNS
2;for;IN;ADP;IN
2;Rod;NNP;PROPN;NNP
2;Denny;NNP;PROPN;NNP
2;called;VBD;VERB;VBN
2;Betty;NNP;PROPN;NNP
2;said;VBD;VERB;VBD
2;Stay;NNP;VERB;VB
2;away;RB;ADV;RB
2;from;IN;ADP;IN
2;my;PRP$;PRON;PRP$
2;son;NN;NOUN;NN
2;Betty;NNP;PROPN;NNP
2;said;VBD;VERB;VBD
2;Denny;NNP;PROPN;NNP
2;Roge;NNP;PROPN;NNP
2;and;CC;CCONJ;CC
2;I;PRP;PRON;PRP
2;are;VBP;AUX;VBP
2;finished;VBN;VERB;VBN
2;And;CC;CCONJ;CC
2;Rod;NNP;PROPN;NNP
2;is;VBZ;AUX;VBZ
2;my;PRP$;PRON;PRP$
2;number;NN;NOUN;NN
2;one;CD;NUM;CD
2;Betty;NNP;PROPN;NNP
2;s;NN;PART;POS
2;dad;NN;NOUN;NN
2;Kenny;NNP;PROPN;NNP
2;talked;VBD;VERB;VBD
2;to;TO;ADP;IN
2;Betty;NNP;PROPN;NNP
2;s;JJ;PART;POS
2;mom;NN;NOUN;NN
2;Jenny;NNP;PROPN;NNP
2;And;CC;CCONJ;CC
2;said;VBD;VERB;VBD
2;What;WP;PRON;WP
2;can;MD;AUX;MD
2;we;PRP;PRON;PRP
2;do;VB;VERB;VB
2;Betty;NNP;PROPN;NNP
2;s;VB;PART;POS
2;daddy;JJ;NOUN;NN
2;Kenny;NNP;PROPN;NNP
2;he;PRP;PRON;PRP
2;called;VBD;VERB;VBD
2;back;RP;ADV;RB
2;Denny;NNP;PROPN;NNP
2;And;CC;CCONJ;CC
2;said;VBD;VERB;VBD
2;that;IN;SCONJ;IN
2;he;PRP;PRON;PRP
2;and;CC;CCONJ;CC
2;Rod;NNP;PROPN;NNP
2;are;VBP;AUX;VBP
2;true;JJ;ADJ;JJ
2;Betty;NNP;PROPN;NNP
2;too;RB;ADV;RB
2;knows;VBZ;VERB;VBZ
2;that;IN;SCONJ;IN
2;it;PRP;PRON;PRP
2;s;VBZ;VERB;VBZ
2;true;JJ;ADJ;JJ
2;that;IN;SCONJ;IN
2;it;PRP;PRON;PRP
2;s;VBD;AUX;VBZ
2;gon;VBG;VERB;VBG
2;na;TO;PART;TO
2;come;VB;VERB;VB
2;true;JJ;ADJ;JJ
2;That;IN;SCONJ;IN
2;rock;NN;NOUN;NN
2;n;CC;CCONJ;CC
2;roll;NN;NOUN;NN
2;dreams;NNS;NOUN;NNS
2;ll;VBD;AUX;MD
2;come;VBN;VERB;VB
2;through;IN;ADP;IN
2;That;DT;SCONJ;IN
2;it;PRP;PRON;PRP
2;will;MD;AUX;MD
2;be;VB;AUX;VB
2;true;JJ;ADJ;JJ
2;that;IN;SCONJ;IN
2;rock;NN;NOUN;NN
2;n;CC;CCONJ;CC
2;roll;NN;NOUN;NN
2;dreams;NNS;NOUN;NNS
2;ll;VBD;AUX;MD
2;come;VBN;VERB;VB
2;through;IN;ADP;IN
2;Listen;NNP;VERB;VB
2;everybody;NN;PRON;NN
2;rock;NN;NOUN;NN
2;n;CC;CCONJ;CC
2;roll;NN;NOUN;NN
2;dreams;NNS;NOUN;NNS
2;ll;VBD;AUX;MD
2;come;VBN;VERB;VB
2;through;IN;ADP;IN
2;The;DT;DET;DT
2;music;NN;NOUN;NN
2;is;VBZ;AUX;VBZ
2;the;DT;DET;DT
2;master;NN;NOUN;NN
2;can;MD;AUX;MD
2;t;VB;VERB;VB
2;you;PRP;PRON;PRP
2;hear;VBP;VERB;VB
2;it;PRP;PRON;PRP
2;calling;VBG;VERB;VBG
2;you;PRP;PRON;PRP
2;The;DT;DET;DT
2;rock;NN;NOUN;NN
2;will;MD;AUX;MD
2;bathe;VB;VERB;VB
2;you;PRP;PRON;PRP
2;the;DT;DET;DT
2;roll;NN;NOUN;NN
2;could;MD;AUX;MD
2;save;VB;VERB;VB
2;you;PRP;PRON;PRP
2;If;IN;SCONJ;IN
2;you;PRP;PRON;PRP
2;re;VBP;VERB;VBP
2;one;CD;NUM;CD
2;of;IN;ADP;IN
2;the;DT;DET;DT
2;chosen;NN;VERB;VBN
2;few;JJ;ADJ;JJ
2;That;IN;SCONJ;IN
2;the;DT;DET;DT
2;dream;NN;NOUN;NN
2;comes;VBZ;VERB;VBZ
2;true;JJ;ADJ;JJ
2;that;IN;SCONJ;IN
2;rock;NN;NOUN;NN
2;n;CC;CCONJ;CC
2;roll;NN;NOUN;NN
2;dreams;NNS;NOUN;NNS
2;ll;VBD;AUX;MD
2;come;VBN;VERB;VB
2;through;IN;ADP;IN
2;Roddy;NNP;PROPN;NNP
2;s;VBP;PART;POS
2;brother;NN;NOUN;NN
2;Buddy;NNP;PROPN;NNP
2;he;PRP;PRON;PRP
2;s;VBD;AUX;VBZ
2;got;VBD;VERB;VBD
2;a;DT;DET;DT
2;buddy;NN;NOUN;NN
2;Who;NNP;PRON;WP
2;works;VBZ;VERB;VBZ
2;at;IN;ADP;IN
2;the;DT;DET;DT
2;five;CD;NUM;CD
2;and;CC;CCONJ;CC
2;dime;NN;VERB;VB
2;Whose;NNP;DET;WP$
2;uncle;NN;NOUN;NN
2;Ron;NNP;PROPN;NNP
2;runs;VBZ;VERB;VBZ
2;a;DT;DET;DT
2;recording;NN;NOUN;NN
2;studio;NN;NOUN;NN
2;Roddy;NNP;PROPN;NNP
2;shows;VBZ;VERB;VBZ
2;up;RP;ADP;RP
2;with;IN;ADP;IN
2;a;DT;DET;DT
2;six;CD;NUM;CD
2;string;NN;NOUN;NN
2;friend;NN;NOUN;NN
2;And;CC;CCONJ;CC
2;a;DT;DET;DT
2;head;JJ;NOUN;NN
2;full;JJ;ADJ;JJ
2;of;IN;ADP;IN
2;tunes;NNS;NOUN;NNS
2;Laid;NNP;VERB;VBN
2;down;RB;ADP;RP
2;some;DT;DET;DT
2;tracks;NNS;NOUN;NNS
2;and;CC;CCONJ;CC
2;the;DT;DET;DT
2;tape;NN;NOUN;NN
2;burned;VBD;VERB;VBN
2;with;IN;ADP;IN
2;rock;NN;PROPN;NNP
2;n;NNS;CCONJ;CC
2;roll;VBP;NOUN;NN
2;fire;NN;NOUN;NN
2;Rod;NNP;PROPN;NNP
2;took;VBD;VERB;VBD
2;the;DT;DET;DT
2;tape;NN;NOUN;NN
2;to;TO;ADP;IN
2;Radio;NNP;PROPN;NNP
2;Rob;NNP;PROPN;NNP
2;The;DT;DET;DT
2;biggest;JJS;ADJ;JJS
2;DJ;NN;NOUN;NN
2;in;IN;ADP;IN
2;the;DT;DET;DT
2;land;NN;NOUN;NN
2;Rob;NNP;PROPN;NNP
2;told;VBD;VERB;VBD
2;Rod;NNP;PROPN;NNP
2;that;IN;SCONJ;IN
2;it;PRP;PRON;PRP
2;rocks;VBZ;VERB;VBZ
2;Rod;NNP;PROPN;NNP
2;told;VBD;VERB;VBD
2;Rob;NNP;PROPN;NNP
2;get;VB;VERB;VB
2;it;PRP;PRON;PRP
2;on;IN;ADP;IN
2;the;DT;DET;DT
2;air;NN;NOUN;NN
2;Record;NNP;PROPN;NNP
2;Store;NNP;PROPN;NNP
2;Ben;NNP;PROPN;NNP
2;said;VBD;VERB;VBD
2;I;PRP;PRON;PRP
2;ll;VBP;AUX;MD
2;take;VB;VERB;VB
2;ten;JJ;NUM;CD
2;no;DT;DET;DT
2;fifty;JJ;NUM;CD
2;five;CD;NUM;CD
2;45s;CD;NUM;CD
2;The;DT;DET;DT
2;very;RB;ADV;RB
2;next;JJ;ADJ;JJ
2;night;NN;NOUN;NN
2;the;DT;DET;DT
2;song;NN;NOUN;NN
2;hit;VBD;VERB;VBD
2;the;DT;DET;DT
2;charts;NNS;NOUN;NNS
2;Straight;NNP;ADV;RB
2;in;IN;ADV;RB
2;at;IN;ADP;IN
2;number;NN;NOUN;NN
2;one;CD;NUM;CD
2;It;PRP;PRON;PRP
2;took;VBD;VERB;VBD
2;a;DT;DET;DT
2;lot;NN;NOUN;NN
2;of;IN;ADP;IN
2;work;NN;NOUN;NN
2;blood;NN;NOUN;NN
2;sweat;NN;NOUN;NN
2;and;CC;CCONJ;CC
2;tears;NNS;NOUN;NNS
2;And;CC;CCONJ;CC
2;Roddy;NNP;PROPN;NNP
2;s;RB;VERB;VBZ
2;now;RB;ADV;RB
2;a;DT;DET;DT
2;rock;NN;NOUN;NN
2;n;NN;CCONJ;CC
2;roll;NN;NOUN;NN
2;star;NN;NOUN;NN
2;He;PRP;PRON;PRP
2;ll;VBZ;AUX;MD
2;be;VB;AUX;VB
2;the;DT;DET;DT
2;first;JJ;ADJ;JJ
2;to;TO;PART;TO
2;tell;VB;VERB;VB
2;you;PRP;PRON;PRP
2;That;IN;DET;DT
2;rock;NN;NOUN;NN
2;n;CC;CCONJ;CC
2;roll;NN;NOUN;NN
2;dreams;NNS;NOUN;NNS
2;ll;VBD;AUX;MD
2;come;VBN;VERB;VB
2;through;IN;ADP;IN
2;Listen;NNP;VERB;VB
2;everybody;NN;PRON;NN
2;rock;NN;NOUN;NN
2;n;CC;CCONJ;CC
2;roll;NN;NOUN;NN
2;dreams;NNS;NOUN;NNS
2;ll;VBD;AUX;MD
2;come;VBN;VERB;VB
2;through;IN;ADP;IN
2;The;DT;DET;DT
2;music;NN;NOUN;NN
2;is;VBZ;AUX;VBZ
2;the;DT;DET;DT
2;master;NN;NOUN;NN
2;can;MD;AUX;MD
2;t;VB;VERB;VB
2;you;PRP;PRON;PRP
2;hear;VBP;VERB;VB
2;it;PRP;PRON;PRP
2;calling;VBG;VERB;VBG
2;you;PRP;PRON;PRP
2;The;DT;DET;DT
2;rock;NN;NOUN;NN
2;will;MD;AUX;MD
2;bathe;VB;VERB;VB
2;you;PRP;PRON;PRP
2;the;DT;DET;DT
2;roll;NN;NOUN;NN
2;should;MD;AUX;MD
2;save;VB;VERB;VB
2;you;PRP;PRON;PRP
2;If;IN;SCONJ;IN
2;you;PRP;PRON;PRP
2;re;VBP;VERB;VBP
2;one;CD;NUM;CD
2;of;IN;ADP;IN
2;the;DT;DET;DT
2;chosen;NN;VERB;VBN
2;few;JJ;ADJ;JJ
2;That;IN;SCONJ;IN
2;the;DT;DET;DT
2;dream;NN;NOUN;NN
2;comes;VBZ;VERB;VBZ
2;true;JJ;ADJ;JJ
2;that;IN;SCONJ;IN
2;rock;NN;NOUN;NN
2;n;CC;CCONJ;CC
2;roll;NN;NOUN;NN
2;dreams;NNS;NOUN;NNS
2;ll;VBD;AUX;MD
2;come;VBN;VERB;VB
2;through;IN;ADP;IN
3;Yeah;UH;INTJ;UH
3;gang;NN;NOUN;NN
3;Ai;VBP;AUX;NNP
3;n't;RB;PART;RB
3;gon;VB;VERB;VB
3;';'';PUNCT;''
3;lie;NN;NOUN;NN
3;we;PRP;PRON;PRP
3;in;IN;ADP;IN
3;this;DT;DET;DT
3;bitch;NN;NOUN;NN
3;deep;RB;ADV;RB
3;as;IN;ADP;IN
3;hell;NN;NOUN;NN
3;Switches;NNP;NOUN;NNS
3;and;CC;CCONJ;CC
3;Dracs;NNP;PROPN;NNP
3;Yeah;NNP;INTJ;UH
3;Man;NNP;PROPN;NNP
3;that;IN;DET;DT
3;shit;VBD;NOUN;NN
3;I;PRP;PRON;PRP
3;said;VBD;VERB;VBD
3;'bout;IN;ADP;IN
3;dude;NN;NOUN;NN
3;I;PRP;PRON;PRP
3;ai;VBP;AUX;VBP
3;n't;RB;PART;RB
3;write;VB;VERB;VB
3;that;IN;SCONJ;IN
3;they;PRP;PRON;PRP
3;ai;VBP;VERB;VBP
3;n't;RB;PART;RB
3;like;IN;VERB;VB
3;that;DT;DET;DT
3;Man;NNP;NOUN;NN
3;them;PRP;PRON;PRP
3;7;CD;NUM;CD
3;62s;CD;NOUN;NNS
3;all;DT;ADV;RB
3;to;TO;ADP;IN
3;his;PRP$;PRON;PRP$
3;face;NN;NOUN;NN
3;and;CC;CCONJ;CC
3;he;PRP;PRON;PRP
3;ca;MD;AUX;MD
3;n't;RB;PART;RB
3;fight;VB;VERB;VB
3;that;IN;SCONJ;IN
3;Niggas;NNP;PROPN;NNP
3;talkin;NNP;NOUN;NN
3;';POS;PUNCT;''
3;'bout;NN;ADP;IN
3;who;WP;PRON;WP
3;they;PRP;PRON;PRP
3;killed;VBD;VERB;VBD
3;in;IN;ADP;IN
3;here;RB;ADV;RB
3;psh;JJ;NOUN;NN
3;man;NN;NOUN;NN
3;where;WRB;SCONJ;WRB
3;my;PRP$;PRON;PRP$
3;pipe;NN;NOUN;NN
3;at;IN;ADP;IN
3;Ai;NNP;PROPN;NNP
3;n't;RB;PART;RB
3;gon;VBD;VERB;VB
3;';'';PUNCT;''
3;lie;NN;NOUN;NN
3;I;PRP;PRON;PRP
3;do;VBP;AUX;VBP
3;n't;RB;PART;RB
3;need;VB;VERB;VB
3;no;DT;DET;DT
3;cash;NN;NOUN;NN
3;it;PRP;PRON;PRP
3;take;VBP;VERB;VBP
3;two;CD;NUM;CD
3;Percs;NNP;NOUN;NNS
3;to;TO;PART;TO
3;get;VB;VERB;VB
3;your;PRP$;PRON;PRP$
3;life;NN;NOUN;NN
3;snatched;VBD;VERB;VBN
3;I;PRP;PRON;PRP
3;'m;VBP;AUX;VBP
3;a;DT;DET;DT
3;gangsta;NN;NOUN;NN
3;You;PRP;PRON;PRP
3;ca;MD;AUX;MD
3;n't;RB;PART;RB
3;name;VB;VERB;VB
3;a;DT;PRON;DT
3;from;IN;ADP;IN
3;the;DT;DET;DT
3;other;JJ;ADJ;JJ
3;side;NN;NOUN;NN
3;ai;VBP;AUX;VBP
3;n't;RB;PART;RB
3;died;VBN;VERB;VBN
3;yet;RB;ADV;RB
3;I;PRP;PRON;PRP
3;ai;VBP;VERB;VBP
3;n't;RB;PART;RB
3;takin;VB;NOUN;NN
3;';'';PUNCT;''
3;threats;NNS;NOUN;NNS
3;the;DT;DET;DT
3;man;NN;NOUN;NN
3;that;WDT;PRON;WDT
3;killed;VBD;VERB;VBD
3;your;PRP$;PRON;PRP$
3;mans;NNS;NOUN;NNS
3;ai;VBP;AUX;VBP
3;n't;RB;PART;RB
3;died;VBN;VERB;VBN
3;yet;RB;ADV;RB
3;Foenem;NNP;PROPN;NNP
3;take;VB;VERB;VB
3;your;PRP$;PRON;PRP$
3;shit;NN;NOUN;NN
3;I;PRP;PRON;PRP
3;can;MD;AUX;MD
3;not;RB;PART;RB
3;argue;VB;VERB;VB
3;with;IN;ADP;IN
3;'em;PRP;PRON;PRP
3;buy;VBP;VERB;VBP
3;it;PRP;PRON;PRP
3;back;RP;ADP;RP
3;Sincе;NNP;PROPN;NNP
3;you;PRP;PRON;PRP
3;woofin;VBP;NOUN;NN
3;';'';PUNCT;''
3;like;IN;ADP;IN
3;you;PRP;PRON;PRP
3;killin;VBP;PROPN;NNP
3;';'';PUNCT;''
3;grab;VB;VERB;VB
3;your;PRP$;PRON;PRP$
3;gun;NN;NOUN;NN
3;and;CC;CCONJ;CC
3;slide;NN;NOUN;NN
3;back;RB;ADV;RB
3;Been;NNP;VERB;VBD
3;MIA;NNP;PROPN;NNP
3;I;PRP;PRON;PRP
3;just;RB;ADV;RB
3;got;VBD;VERB;VBD
3;back;RB;ADV;RB
3;jet;NN;NOUN;NN
3;from;IN;ADP;IN
3;Dubai;NNP;PROPN;NNP
3;to;TO;ADP;IN
3;Mеmphis;NNP;PROPN;NNP
3;Tenn;NNP;PROPN;NNP
3;';POS;PUNCT;''
3;Lil;NNP;PROPN;NNP
3;A;NNP;DET;DT
3;cray;NN;NOUN;NN
3;cray;NN;NOUN;NN
3;call;NN;VERB;VBP
3;him;PRP;PRON;PRP
3;Beyblade;NNP;PROPN;NNP
3;pull;VBD;VERB;VB
3;the;DT;DET;DT
3;string;NN;NOUN;NN
3;and;CC;CCONJ;CC
3;watch;NN;VERB;VB
3;'em;PRP;PRON;PRP
3;spin;VBD;VERB;VB
3;Ai;NNP;VERB;VBP
3;n't;RB;PART;RB
3;no;VBD;DET;DT
3;comin;NN;NOUN;NN
3;';'';PUNCT;''
3;back;RB;ADV;RB
3;from;IN;ADP;IN
3;shit;NN;NOUN;NN
3;I;PRP;PRON;PRP
3;'m;VBP;AUX;VBP
3;not;RB;PART;RB
3;the;DT;DET;DT
3;type;NN;NOUN;NN
3;to;TO;PART;TO
3;make;VB;VERB;VB
3;amends;NNS;NOUN;NNS
3;Penthouse;NNP;PROPN;NNP
3;suite;NN;NOUN;NN
3;or;CC;CCONJ;CC
3;TSA;VB;PROPN;NNP
3;the;DT;DET;DT
3;only;JJ;ADJ;JJ
3;place;NN;NOUN;NN
3;I;PRP;PRON;PRP
3;'m;VBP;AUX;VBP
3;checkin;JJ;NOUN;NN
3;';'';PUNCT;''
3;in;IN;ADP;IN
3;Did;NNP;AUX;VBD
3;n't;RB;PART;RB
3;get;VB;VERB;VB
3;you;PRP;PRON;PRP
3;here;RB;ADV;RB
3;but;CC;CCONJ;CC
3;got;VBD;VERB;VBD
3;your;PRP$;PRON;PRP$
3;man;NN;NOUN;NN
3;I;PRP;PRON;PRP
3;heard;VBD;VERB;VBD
3;they;PRP;PRON;PRP
3;pulled;VBD;VERB;VBD
3;a;DT;DET;DT
3;triple;JJ;ADJ;JJ
3;spin;NN;NOUN;NN
3;Let;NNP;VERB;VB
3;'s;POS;PRON;PRP
3;celebrate;NN;VERB;VB
3;and;CC;CCONJ;CC
3;crack;VB;VERB;VB
3;a;DT;DET;DT
3;eighth;JJ;ADJ;JJ
3;I;PRP;PRON;PRP
3;'m;VBP;AUX;VBP
3;on;IN;ADP;IN
3;that;DT;DET;DT
3;Wock;NNP;NOUN;NN
3;';POS;PUNCT;''
3;with;IN;ADP;IN
3;Trip;NNP;NOUN;NN
3;again;RB;ADV;RB
3;I;PRP;PRON;PRP
3;'m;VBP;AUX;VBP
3;still;RB;ADV;RB
3;stuck;VBN;ADJ;JJ
3;on;IN;ADP;IN
3;what;WP;PRON;WP
3;you;PRP;PRON;PRP
3;said;VBD;VERB;VBD
3;what;WP;PRON;WP
3;the;DT;DET;DT
3;fuck;NN;NOUN;NN
3;you;PRP;PRON;PRP
3;mean;VBP;VERB;VBP
3;you;PRP;PRON;PRP
3;scared;VBN;VERB;VBD
3;Since;IN;SCONJ;IN
3;they;PRP;PRON;PRP
3;ca;MD;AUX;MD
3;n't;RB;PART;RB
3;keep;VB;VERB;VB
3;me;PRP;PRON;PRP
3;off;RP;ADP;IN
3;their;PRP$;PRON;PRP$
3;mind;NN;NOUN;NN
3;I;PRP;PRON;PRP
3;'m;VBP;AUX;VBP
3;tryna;JJ;NOUN;NN
3;put;VBD;VERB;VBD
3;one;CD;NUM;CD
3;in;IN;ADP;IN
3;their;PRP$;PRON;PRP$
3;head;NN;NOUN;NN
3;First;IN;ADV;RB
3;it;PRP;PRON;PRP
3;was;VBD;AUX;VBD
3;our;PRP$;PRON;PRP$
3;beef;NN;NOUN;NN
3;now;RB;ADV;RB
3;you;PRP;PRON;PRP
3;talking;VBG;VERB;VBG
3;'bout;IN;ADP;IN
3;it;PRP;PRON;PRP
3;'s;VBZ;AUX;VBZ
3;my;PRP$;PRON;PRP$
3;beef;NN;NOUN;NN
3;They;PRP;PRON;PRP
3;playin;VBP;PROPN;NNP
3;';'';PUNCT;''
3;both;DT;DET;DT
3;sides;NNS;NOUN;NNS
3;lil;VBP;NOUN;NN
3;';'';PUNCT;''
3;bro;JJ;NOUN;NN
3;keep;VB;VERB;VBP
3;them;PRP;PRON;PRP
3;folks;NNS;NOUN;NNS
3;from;IN;ADP;IN
3;'round;IN;PUNCT;``
3;me;PRP;VERB;VB
3;ATF;NNP;PRON;PRP
3;been;VBN;PROPN;NNP
3;hittin;NN;AUX;VBN
3;';'';ADJ;JJ
3;the;DT;PUNCT;''
3;block;NN;DET;DT
3;like;IN;NOUN;NN
3;every;DT;INTJ;UH
3;day;NN;DET;DT
3;tryna;VB;NOUN;NN
3;sweep;NN;NOUN;NN
3;somethin;NN;VERB;VB
3;';'';NOUN;NN
3;OTF;NNP;PROPN;NNP
3;stand;VBP;VERB;VBP
3;on;IN;ADP;IN
3;their;PRP$;PRON;PRP$
3;business;NN;NOUN;NN
3;I;PRP;PRON;PRP
3;let;VBP;VERB;VBD
3;Zoo;NNP;PROPN;NNP
3;put;VB;VERB;VB
3;on;IN;ADP;IN
3;my;PRP$;PRON;PRP$
3;buttons;NNS;NOUN;NNS
3;You;PRP;PRON;PRP
3;ca;MD;AUX;MD
3;n't;RB;PART;RB
3;name;VB;VERB;VB
3;a;DT;PRON;DT
3;from;IN;ADP;IN
3;the;DT;DET;DT
3;other;JJ;ADJ;JJ
3;side;NN;NOUN;NN
3;ai;VBP;AUX;VBP
3;n't;RB;PART;RB
3;died;VBN;VERB;VBN
3;yet;RB;ADV;RB
3;I;PRP;PRON;PRP
3;ai;VBP;VERB;VBP
3;n't;RB;PART;RB
3;takin;VB;NOUN;NN
3;';'';PUNCT;''
3;threats;NNS;NOUN;NNS
3;the;DT;DET;DT
3;man;NN;NOUN;NN
3;that;WDT;PRON;WDT
3;killed;VBD;VERB;VBD
3;your;PRP$;PRON;PRP$
3;mans;NNS;NOUN;NNS
3;ai;VBP;AUX;VBP
3;n't;RB;PART;RB
3;died;VBN;VERB;VBN
3;yet;RB;ADV;RB
3;Foe'nem;NNP;PROPN;NNP
3;take;VB;VERB;VB
3;your;PRP$;PRON;PRP$
3;shit;NN;NOUN;NN
3;I;PRP;PRON;PRP
3;can;MD;AUX;MD
3;not;RB;PART;RB
3;argue;VB;VERB;VB
3;with;IN;ADP;IN
3;'em;PRP;PRON;PRP
3;buy;VBP;VERB;VBP
3;it;PRP;PRON;PRP
3;back;RB;ADV;RB
3;Since;IN;SCONJ;IN
3;you;PRP;PRON;PRP
3;woofin;VBP;NOUN;NN
3;';'';PUNCT;''
3;like;IN;ADP;IN
3;you;PRP;PRON;PRP
3;killin;VBP;PROPN;NNP
3;';'';PUNCT;''
3;grab;VB;VERB;VB
3;your;PRP$;PRON;PRP$
3;gun;NN;NOUN;NN
3;and;CC;CCONJ;CC
3;slide;VB;VERB;VB
3;back;RB;ADV;RB
3;Gotti;NNP;PROPN;NNP
3;gave;VBD;VERB;VBD
3;me;PRP;PRON;PRP
3;seven;CD;NUM;CD
3;fifty;JJ;NUM;CD
3;I;PRP;PRON;PRP
3;ai;VBP;AUX;VBP
3;n't;RB;PART;RB
3;get;VB;VERB;VB
3;fresh;JJ;ADJ;JJ
3;I;PRP;PRON;PRP
3;went;VBD;VERB;VBD
3;bought;RB;VERB;VBD
3;straps;VB;NOUN;NNS
3;How;NNP;SCONJ;WRB
3;much;JJ;ADJ;JJ
3;cash;NN;NOUN;NN
3;they;PRP;PRON;PRP
3;got;VBD;VERB;VBD
3;for;IN;ADP;IN
3;Gee;NNP;PROPN;NNP
3;Tell;NNP;VERB;VB
3;'em;POS;PRON;PRP
3;We;PRP;PRON;PRP
3;gon;VBP;VERB;VB
3;';'';PUNCT;''
3;triple;NN;ADV;RB
3;that;WDT;PRON;WDT
3;Finessed;VBD;VERB;VBD
3;the;DT;DET;DT
3;grower;NN;NOUN;NN
3;told;VBD;VERB;VBD
3;'em;PRP;PRON;PRP
3;I;PRP;PRON;PRP
3;ai;VBP;VERB;VBP
3;n't;RB;PART;RB
3;like;IN;ADP;IN
3;it;PRP;PRON;PRP
3;he;PRP;PRON;PRP
3;said;VBD;VERB;VBD
3;Send;NNP;VERB;VB
3;it;PRP;PRON;PRP
3;back;RB;ADV;RB
3;All;NNP;DET;PDT
3;my;PRP$;PRON;PRP$
3;brothers;NNS;NOUN;NNS
3;';POS;PART;POS
3;case;NN;NOUN;NN
3;dismissed;VBD;VERB;VBD
3;we;PRP;PRON;PRP
3;got;VBD;VERB;VBD
3;a;DT;DET;DT
3;lawyer;NN;NOUN;NN
3;nigga;NN;NOUN;NN
3;we;PRP;PRON;PRP
3;do;VBP;AUX;VBP
3;n't;RB;PART;RB
3;rat;VB;VERB;VB
3;Boy;NNP;INTJ;UH
3;your;PRP$;PRON;PRP$
3;life;NN;NOUN;NN
3;do;VBP;AUX;VBP
3;n't;RB;PART;RB
3;cost;VB;VERB;VB
3;a;DT;DET;DT
3;'Vette;CD;PUNCT;``
3;all;PDT;PROPN;NNP
3;that;DT;DET;PDT
3;woofin;NN;DET;DT
3;';'';NOUN;NN
3;on;IN;PUNCT;''
3;the;DT;ADP;IN
3;'net;NNP;DET;DT
3;Tell;NNP;PUNCT;``
3;your;PRP$;NOUN;NN
3;big;JJ;VERB;VB
3;brother;NN;PRON;PRP$
3;he;PRP;ADJ;JJ
3;next;JJ;NOUN;NN
3;trappin;NN;PRON;PRP
3;';POS;ADJ;JJ
3;fentanyl;NN;NOUN;NN
3;out;IN;PART;POS
3;a;DT;ADJ;JJ
3;'Cat;POS;ADP;RP
3;My;NNP;DET;DT
3;big;JJ;PUNCT;``
3;bro;NN;PROPN;NNP
3;had;VBD;PRON;PRP$
3;told;VBN;ADJ;JJ
3;me;PRP;NOUN;NN
3;Chill;NNP;AUX;VBD
3;and;CC;VERB;VBN
3;rap;NN;PRON;PRP
3;I;PRP;PROPN;NNP
3;'m;VBP;CCONJ;CC
3;like;IN;INTJ;UH
3;Fuck;NNP;PRON;PRP
3;all;PDT;AUX;VBP
3;that;DT;ADP;IN
3;Niggas;NNP;PROPN;NNP
3;want;VBP;DET;PDT
3;that;IN;PRON;WDT
3;smoke;NN;PROPN;NNP
3;until;IN;VERB;VBP
3;their;PRP$;DET;DT
3;lungs;NNS;NOUN;NN
3;collapsed;VBD;SCONJ;IN
3;I;PRP;PRON;PRP$
3;turn;VBP;NOUN;NNS
3;my;PRP$;VERB;VBD
3;hood;NN;PRON;PRP
3;Iraq;NNP;VERB;VBP
3;Every;NNP;PRON;PRP$
3;nine;CD;NOUN;NN
3;we;PRP;PROPN;NNP
3;got;VBD;DET;DT
3;got;VBD;NUM;CD
3;switches;NNS;PRON;PRP
3;on;IN;AUX;VBD
3;it;PRP;VERB;VBD
3;with;IN;NOUN;NNS
3;a;DT;ADP;IN
3;drum;NN;PRON;PRP
3;attached;VBN;ADP;IN
3;Ask;NNP;DET;DT
3;the;DT;NOUN;NN
3;last;JJ;VERB;VBN
3;nigga;JJ;VERB;VB
3;try;NN;DET;DT
3;turn;NN;ADJ;JJ
3;to;TO;NOUN;NN
3;a;DT;VERB;VBP
3;jet;NN;VERB;VB
3;ai;VBP;ADP;IN
3;n't;RB;DET;DT
3;no;DT;NOUN;NN
3;outrunnin;NN;VERB;VBP
3;';POS;PART;RB
3;that;IN;DET;DT
3;Rep;NNP;NOUN;NN
3;like;IN;PUNCT;''
3;they;PRP;PRON;WDT
3;killed;VBD;PROPN;NNP
3;Red;NNP;SCONJ;IN
3;what;WP;PRON;PRP
3;I;PRP;VERB;VBD
3;do;VBP;PROPN;NNP
3;Flew;RB;PRON;WP
3;to;TO;PRON;PRP
3;the;DT;VERB;VBP
3;crib;NN;PROPN;NNP
3;And;CC;ADP;IN
3;spin;NN;DET;DT
3;again;RB;NOUN;NN
3;and;CC;CCONJ;CC
3;spin;VB;VERB;VB
3;again;RB;ADV;RB
3;and;CC;CCONJ;CC
3;spin;VB;VERB;VB
3;again;RB;ADV;RB
3;'til;IN;CCONJ;CC
3;somethin;JJ;VERB;VB
3;';POS;ADV;RB
3;dead;JJ;PUNCT;``
4;I;PRP;PRON;PRP
4;m;VBP;AUX;VBP
4;gone;VBN;VERB;VBN
4;for;IN;ADP;IN
4;that;DT;DET;DT
4;yay;NN;NOUN;NN
4;yay;RB;NOUN;NN
4;Shawty;NNP;NOUN;NNS
4;ass;NN;NOUN;NN
4;like;IN;ADP;IN
4;yay;NN;NOUN;NN
4;yay;NN;NOUN;NN
4;I;PRP;PRON;PRP
4;pulled;VBD;VERB;VBD
4;up;RP;ADP;RP
4;in;IN;ADP;IN
4;that;DT;DET;DT
4;yay;NN;NOUN;NN
4;yay;VB;NOUN;NN
4;My;NNP;PRON;PRP$
4;wrist;JJ;NOUN;NN
4;shining;VBG;VERB;VBG
4;like;IN;ADP;IN
4;yay;NN;NOUN;NN
4;yay;NN;NOUN;NN
4;My;NNP;PRON;PRP$
4;money;NN;NOUN;NN
4;like;IN;ADP;IN
4;yay;CC;NOUN;NN
4;yay;FW;NOUN;NN
4;I;PRP;PRON;PRP
4;was;VBD;AUX;VBD
4;whipping;VBG;VERB;VBG
4;that;IN;DET;DT
4;yay;NN;NOUN;NN
4;yay;NN;NOUN;NN
4;Hit;VBD;VERB;VB
4;the;DT;DET;DT
4;dealer;NN;NOUN;NN
4;pulled;VBD;VERB;VBD
4;up;RP;ADP;RP
4;in;IN;ADP;IN
4;that;DT;DET;DT
4;yay;NN;NOUN;NN
4;yay;NN;NOUN;NN
4;And;CC;CCONJ;CC
4;now;RB;ADV;RB
4;them;PRP;PRON;PRP
4;hoes;NNS;VERB;VBZ
4;like;IN;ADP;IN
4;yay;NN;NOUN;NN
4;yay;NNS;NOUN;NN
4;And;CC;CCONJ;CC
4;now;RB;ADV;RB
4;them;PRP;PRON;PRP
4;hoes;NNS;VERB;VBZ
4;like;IN;ADP;IN
4;yay;NN;NOUN;NN
4;yay;NN;NOUN;NN
4;I;PRP;PRON;PRP
4;m;VBP;AUX;VBP
4;gone;VBN;VERB;VBN
4;for;IN;ADP;IN
4;the;DT;DET;DT
4;yay;NN;NOUN;NN
4;yay;NN;NOUN;NN
4;I;PRP;PRON;PRP
4;hope;VBP;VERB;VBP
4;the;DT;DET;DT
4;shit;NN;NOUN;NN
4;s;VBD;VERB;VBZ
4;a;DT;DET;DT
4;yay;NN;NOUN;NN
4;yay;NN;NOUN;NN
4;Drink;NNP;VERB;VB
4;it;PRP;PRON;PRP
4;all;DT;DET;DT
4;yay;RB;NOUN;NN
4;yay;JJ;NOUN;NN
4;Talk;NN;NOUN;NN
4;to;TO;ADP;IN
4;me;PRP;PRON;PRP
4;yay;VB;PROPN;NNP
4;yay;PRP;PROPN;NNP
4;yay;PRP;NOUN;NN
4;yay;PRP;NOUN;NN
4;Left;VBD;PROPN;NNP
4;cheek;JJ;NOUN;NN
4;right;JJ;ADJ;JJ
4;cheek;NN;NOUN;NN
4;Left;NNP;VERB;VBD
4;cheek;NN;NOUN;NN
4;right;NN;ADJ;JJ
4;cheek;NN;NOUN;NN
4;Left;NNP;VERB;VBD
4;cheek;NN;NOUN;NN
4;right;NN;ADJ;JJ
4;cheek;NN;NOUN;NN
4;Left;NNP;VERB;VBD
4;cheek;NN;NOUN;NN
4;right;NN;ADJ;JJ
4;cheek;NN;NOUN;NN
4;Shawty;NNP;PROPN;NNPS
4;want;VBP;VERB;VBP
4;a;DT;DET;DT
4;yay;NN;NOUN;NN
4;yay;NN;NOUN;NN
4;Had;VBD;VERB;VBD
4;to;TO;PART;TO
4;say;VB;VERB;VB
4;naw;UH;NOUN;NNS
4;to;TO;ADP;IN
4;the;DT;DET;DT
4;yay;NN;NOUN;NN
4;yay;NN;NOUN;NN
4;Shawty;NNP;PROPN;NNPS
4;smoking;VBG;VERB;VBG
4;hard;JJ;ADV;RB
4;sniffing;VBG;VERB;VBG
4;yay;NN;NOUN;NN
4;yay;NN;NOUN;NN
4;Shawty;NNP;PROPN;NNPS
4;playing;VBG;VERB;VBG
4;ball;NN;NOUN;NN
4;with;IN;ADP;IN
4;the;DT;DET;DT
4;yay;NN;NOUN;NN
4;yays;VBZ;NOUN;NN
4;Airport;NNP;PROPN;NNP
4;flying;VBG;VERB;VBG
4;out;RP;ADP;RP
4;the;DT;DET;DT
4;yay;NN;NOUN;NN
4;yay;NN;NOUN;NN
4;Shawty;NNP;PROPN;NNPS
4;crying;VBG;VERB;VBG
4;out;RP;ADP;RP
4;yay;JJ;NOUN;NN
4;yay;NN;NOUN;NN
4;I;PRP;PRON;PRP
4;make;VBP;VERB;VBP
4;some;DT;DET;DT
4;cookies;NNS;NOUN;NNS
4;out;RP;ADP;RP
4;the;DT;DET;DT
4;yay;NN;NOUN;NN
4;yay;NN;NOUN;NN
4;And;CC;CCONJ;CC
4;now;RB;ADV;RB
4;them;PRP;PRON;PRP
4;hoes;NNS;VERB;VBZ
4;like;IN;ADP;IN
4;yay;NN;NOUN;NN
4;yay;NNS;NOUN;NN
4;And;CC;CCONJ;CC
4;now;RB;ADV;RB
4;them;PRP;PRON;PRP
4;hoes;NNS;VERB;VBZ
4;like;IN;ADP;IN
4;yay;NN;NOUN;NN
4;yay;NN;NOUN;NN
4;I;PRP;PRON;PRP
4;m;VBP;AUX;VBP
4;gone;VBN;VERB;VBN
4;for;IN;ADP;IN
4;the;DT;DET;DT
4;yay;NN;NOUN;NN
4;yay;NN;NOUN;NN
4;I;PRP;PRON;PRP
4;hope;VBP;VERB;VBP
4;the;DT;DET;DT
4;shit;NN;NOUN;NN
4;s;VBD;VERB;VBZ
4;a;DT;DET;DT
4;yay;NN;NOUN;NN
4;yay;NN;NOUN;NN
4;Drink;NNP;VERB;VB
4;it;PRP;PRON;PRP
4;all;DT;DET;DT
4;yay;RB;NOUN;NN
4;yay;JJ;NOUN;NN
4;Talk;NN;NOUN;NN
4;to;TO;ADP;IN
4;me;PRP;PRON;PRP
4;yay;VB;PROPN;NNP
4;yay;PRP;PROPN;NNP
4;yay;PRP;NOUN;NN
4;yay;PRP;NOUN;NN
4;Left;VBD;PROPN;NNP
4;cheek;JJ;NOUN;NN
4;right;JJ;ADJ;JJ
4;cheek;NN;NOUN;NN
4;Left;NNP;VERB;VBD
4;cheek;NN;NOUN;NN
4;right;NN;ADJ;JJ
4;cheek;NN;NOUN;NN
4;Left;NNP;VERB;VBD
4;cheek;NN;NOUN;NN
4;right;NN;ADJ;JJ
4;cheek;NN;NOUN;NN
4;Left;NNP;VERB;VBD
4;cheek;NN;NOUN;NN
4;right;NN;ADJ;JJ
4;cheek;NN;NOUN;NN
5;One;CD;NUM;CD
5;bright;JJ;ADJ;JJ
5;day;NN;NOUN;NN
5;thing;NN;NOUN;NN
5;will;MD;AUX;MD
5;be;VB;AUX;VB
5;better;RB;ADJ;JJR
5;again;RB;ADV;RB
5;to;TO;ADP;IN
5;me;PRP;PRON;PRP
5;Until;IN;SCONJ;IN
5;then;RB;ADV;RB
5;you;PRP;PRON;PRP
5;will;MD;AUX;MD
5;be;VB;AUX;VB
5;here;RB;ADV;RB
5;in;IN;ADP;IN
5;my;PRP$;PRON;PRP$
5;arms;NNS;NOUN;NNS
5;again;RB;ADV;RB
5;I;PRP;PRON;PRP
5;never;RB;ADV;RB
5;love;VBP;VERB;VBP
5;to;TO;PART;TO
5;see;VB;VERB;VB
5;when;WRB;SCONJ;WRB
5;ever;RB;ADV;RB
5;you;PRP;PRON;PRP
5;go;VBP;VERB;VBP
5;From;IN;ADP;IN
5;i;JJ;PRON;PRP
5;look;NN;VERB;VBP
5;you;PRP;PRON;PRP
5;up;IN;ADP;IN
5;my;PRP$;PRON;PRP$
5;heart;NN;NOUN;NN
5;is;VBZ;AUX;VBZ
5;restored;VBN;VERB;VBN
5;I;PRP;PRON;PRP
5;will;MD;AUX;MD
5;be;VB;AUX;VB
5;here;RB;ADV;RB
5;for;IN;ADP;IN
5;you;PRP;PRON;PRP
5;I;PRP;PRON;PRP
5;never;RB;ADV;RB
5;love;VBP;VERB;VBP
5;to;TO;PART;TO
5;see;VB;VERB;VB
5;when;WRB;SCONJ;WRB
5;ever;RB;ADV;RB
5;you;PRP;PRON;PRP
5;go;VBP;VERB;VBP
5;From;IN;ADP;IN
5;i;JJ;PRON;PRP
5;look;NN;VERB;VBP
5;you;PRP;PRON;PRP
5;up;IN;ADP;IN
5;my;PRP$;PRON;PRP$
5;heart;NN;NOUN;NN
5;is;VBZ;AUX;VBZ
5;restored;VBN;VERB;VBN
5;I;PRP;PRON;PRP
5;will;MD;AUX;MD
5;be;VB;AUX;VB
5;here;RB;ADV;RB
5;for;IN;ADP;IN
5;you;PRP;PRON;PRP
5;Whooo;VBP;PROPN;NNP
5;Whooo;NNP;PROPN;NNP
5;Whooo;NNP;PROPN;NNP
5;Whooo;NNP;PROPN;NNP
5;Whooo;NNP;PROPN;NNP
5;Whooo;NNP;PROPN;NNP
5;I;PRP;PRON;PRP
5;know;VBP;VERB;VBP
5;that;DT;PRON;WDT
5;been;VBN;AUX;VBN
5;through;IN;ADP;IN
5;so;RB;ADV;RB
5;much;JJ;ADV;RB
5;I;PRP;PRON;PRP
5;promise;VBP;VERB;VBP
5;tomorrow;NN;NOUN;NN
5;will;MD;AUX;MD
5;get;VB;VERB;VB
5;better;JJR;ADJ;JJR
5;I;PRP;PRON;PRP
5;love;VBP;VERB;VBP
5;it;PRP;PRON;PRP
5;when;WRB;SCONJ;WRB
5;i;JJ;PRON;PRP
5;see;VBP;VERB;VBP
5;you;PRP;PRON;PRP
5;smile;JJ;VERB;VB
5;Makes;NNS;VERB;VBZ
5;everything;NN;PRON;NN
5;worthwhile;IN;ADJ;JJ
5;I;PRP;PRON;PRP
5;make;VBP;VERB;VBP
5;sure;JJ;ADJ;JJ
5;the;DT;DET;DT
5;sun;NN;NOUN;NN
5;comes;VBZ;VERB;VBZ
5;out;RP;ADP;RP
5;for;IN;ADP;IN
5;you;PRP;PRON;PRP
5;You;PRP;PRON;PRP
5;will;MD;AUX;MD
5;always;RB;ADV;RB
5;be;VB;AUX;VB
5;a;DT;DET;DT
5;star;NN;NOUN;NN
5;And;CC;CCONJ;CC
5;i;VB;PRON;PRP
5;love;JJR;VERB;VBP
5;just;RB;ADV;RB
5;who;WP;PRON;WP
5;you;PRP;PRON;PRP
5;are;VBP;AUX;VBP
5;And;CC;CCONJ;CC
5;i;NNS;PRON;PRP
5;would;MD;AUX;MD
5;n't;RB;PART;RB
5;change;VB;VERB;VB
5;one;CD;NUM;CD
5;thing;NN;NOUN;NN
5;about;IN;ADP;IN
5;you;PRP;PRON;PRP
5;You;PRP;PRON;PRP
5;you;PRP;PRON;PRP
5;you;PRP;PRON;PRP
5;you;PRP;PRON;PRP
5;you;PRP;PRON;PRP
5;you;PRP;PRON;PRP
5;whoohhhhooo;VBP;VERB;VBP
5;No;DT;INTJ;UH
5;i;NN;PRON;PRP
5;would;MD;AUX;MD
5;n't;RB;PART;RB
5;change;VB;VERB;VB
5;one;CD;NUM;CD
5;thing;NN;NOUN;NN
5;about;IN;ADP;IN
5;you;PRP;PRON;PRP
5;Whooo;VBP;PROPN;NNP
5;Whooo;NNP;PROPN;NNP
5;Whooo;NNP;PROPN;NNP
5;Whooo;NNP;PROPN;NNP
5;Whooo;NNP;PROPN;NNP
5;Whooo;NNP;PROPN;NNP
